step_number,time_in_days,soil_temperature_in_Celsius,sucrose_input_rate
55,55,10.28042206,9.46E-11
56,56,10.62399125,1.15E-10
57,57,11.82298786,1.38E-10
58,58,12.29057413,1.64E-10
59,59,14.92323225,1.93E-10
60,60,15.30514153,2.26E-10
61,61,15.6870508,2.62E-10
62,62,16.5291023,3.01E-10
63,63,15.48633031,3.43E-10
64,64,15.55032373,3.88E-10
65,65,16.99973865,4.36E-10
